{
    "media": 23.416666666666668,
    "deviazione": 1.0730279068546578,
    "timestamp": "2026-02-21 23:41:55"
}